-- MySQL dump 10.13  Distrib 8.0.43, for Linux (x86_64)
--
-- Host: localhost    Database: attendance
-- ------------------------------------------------------
-- Server version	8.0.43-0ubuntu0.24.04.2

/*!40101 SET @OLD_CHARACTER_SET_CLIENT=@@CHARACTER_SET_CLIENT */;
/*!40101 SET @OLD_CHARACTER_SET_RESULTS=@@CHARACTER_SET_RESULTS */;
/*!40101 SET @OLD_COLLATION_CONNECTION=@@COLLATION_CONNECTION */;
/*!50503 SET NAMES utf8mb4 */;
/*!40103 SET @OLD_TIME_ZONE=@@TIME_ZONE */;
/*!40103 SET TIME_ZONE='+00:00' */;
/*!40014 SET @OLD_UNIQUE_CHECKS=@@UNIQUE_CHECKS, UNIQUE_CHECKS=0 */;
/*!40014 SET @OLD_FOREIGN_KEY_CHECKS=@@FOREIGN_KEY_CHECKS, FOREIGN_KEY_CHECKS=0 */;
/*!40101 SET @OLD_SQL_MODE=@@SQL_MODE, SQL_MODE='NO_AUTO_VALUE_ON_ZERO' */;
/*!40111 SET @OLD_SQL_NOTES=@@SQL_NOTES, SQL_NOTES=0 */;

--
-- Table structure for table `attendence_activity`
--

DROP TABLE IF EXISTS `attendence_activity`;
/*!40101 SET @saved_cs_client     = @@character_set_client */;
/*!50503 SET character_set_client = utf8mb4 */;
CREATE TABLE `attendence_activity` (
  `id` bigint NOT NULL AUTO_INCREMENT,
  `title` varchar(255) COLLATE utf8mb4_unicode_ci NOT NULL,
  `description` longtext COLLATE utf8mb4_unicode_ci NOT NULL,
  `user_id` bigint DEFAULT NULL,
  `time` datetime(6) NOT NULL,
  PRIMARY KEY (`id`),
  KEY `attendence_activity_user_id_1ae3dc25_fk_attendence_user_id` (`user_id`),
  CONSTRAINT `attendence_activity_user_id_1ae3dc25_fk_attendence_user_id` FOREIGN KEY (`user_id`) REFERENCES `attendence_user` (`id`)
) ENGINE=InnoDB AUTO_INCREMENT=69 DEFAULT CHARSET=utf8mb4 COLLATE=utf8mb4_unicode_ci;
/*!40101 SET character_set_client = @saved_cs_client */;

--
-- Dumping data for table `attendence_activity`
--

LOCK TABLES `attendence_activity` WRITE;
/*!40000 ALTER TABLE `attendence_activity` DISABLE KEYS */;
INSERT INTO `attendence_activity` VALUES (68,'Student 23EBUCS083 Deleted','User admin@email.com has deleted the student 23EBUCS083',61,'2025-11-01 19:34:13.930395');
/*!40000 ALTER TABLE `attendence_activity` ENABLE KEYS */;
UNLOCK TABLES;

--
-- Table structure for table `attendence_attendenceevent`
--

DROP TABLE IF EXISTS `attendence_attendenceevent`;
/*!40101 SET @saved_cs_client     = @@character_set_client */;
/*!50503 SET character_set_client = utf8mb4 */;
CREATE TABLE `attendence_attendenceevent` (
  `id` bigint NOT NULL AUTO_INCREMENT,
  `date` datetime(6) NOT NULL,
  `confidence` double NOT NULL,
  `student_id` bigint NOT NULL,
  `slot_id` bigint NOT NULL,
  PRIMARY KEY (`id`),
  KEY `attendence_attendenc_student_id_6d8106fa_fk_attendenc` (`student_id`),
  KEY `attendence_attendenc_slot_id_9816f75b_fk_attendenc` (`slot_id`),
  CONSTRAINT `attendence_attendenc_slot_id_9816f75b_fk_attendenc` FOREIGN KEY (`slot_id`) REFERENCES `attendence_timetableslot` (`id`),
  CONSTRAINT `attendence_attendenc_student_id_6d8106fa_fk_attendenc` FOREIGN KEY (`student_id`) REFERENCES `attendence_student` (`id`)
) ENGINE=InnoDB AUTO_INCREMENT=11 DEFAULT CHARSET=utf8mb4 COLLATE=utf8mb4_unicode_ci;
/*!40101 SET character_set_client = @saved_cs_client */;

--
-- Dumping data for table `attendence_attendenceevent`
--

LOCK TABLES `attendence_attendenceevent` WRITE;
/*!40000 ALTER TABLE `attendence_attendenceevent` DISABLE KEYS */;
INSERT INTO `attendence_attendenceevent` VALUES (1,'2025-10-03 14:12:57.065170',0.27591049671173096,19,37),(2,'2025-10-03 14:14:00.356621',0.27591049671173096,19,37),(10,'2025-10-28 06:16:03.652198',0.468890905380249,27,27);
/*!40000 ALTER TABLE `attendence_attendenceevent` ENABLE KEYS */;
UNLOCK TABLES;

--
-- Table structure for table `attendence_attendencesummary`
--

DROP TABLE IF EXISTS `attendence_attendencesummary`;
/*!40101 SET @saved_cs_client     = @@character_set_client */;
/*!50503 SET character_set_client = utf8mb4 */;
CREATE TABLE `attendence_attendencesummary` (
  `id` bigint NOT NULL AUTO_INCREMENT,
  `date` date NOT NULL,
  `status` varchar(255) COLLATE utf8mb4_unicode_ci NOT NULL,
  `first_seen_at` datetime(6) DEFAULT NULL,
  `max_confidence` double DEFAULT NULL,
  `student_id` bigint NOT NULL,
  `slot_id` bigint NOT NULL,
  PRIMARY KEY (`id`),
  KEY `attendence_attendenc_student_id_6a4d6bf6_fk_attendenc` (`student_id`),
  KEY `attendence_attendenc_slot_id_63ebedc6_fk_attendenc` (`slot_id`),
  CONSTRAINT `attendence_attendenc_slot_id_63ebedc6_fk_attendenc` FOREIGN KEY (`slot_id`) REFERENCES `attendence_timetableslot` (`id`),
  CONSTRAINT `attendence_attendenc_student_id_6a4d6bf6_fk_attendenc` FOREIGN KEY (`student_id`) REFERENCES `attendence_student` (`id`)
) ENGINE=InnoDB AUTO_INCREMENT=2114 DEFAULT CHARSET=utf8mb4 COLLATE=utf8mb4_unicode_ci;
/*!40101 SET character_set_client = @saved_cs_client */;

--
-- Dumping data for table `attendence_attendencesummary`
--

LOCK TABLES `attendence_attendencesummary` WRITE;
/*!40000 ALTER TABLE `attendence_attendencesummary` DISABLE KEYS */;
INSERT INTO `attendence_attendencesummary` VALUES (23,'2025-10-03','Present','2025-10-03 14:12:57.065170',0.27591049671173096,19,37),(25,'2025-10-04','Absent',NULL,NULL,19,38),(27,'2025-10-04','Absent',NULL,NULL,21,38),(28,'2025-10-04','Absent',NULL,NULL,19,39),(30,'2025-10-04','Absent',NULL,NULL,21,39),(31,'2025-10-04','Absent',NULL,NULL,19,40),(33,'2025-10-04','Absent',NULL,NULL,21,40),(34,'2025-10-04','Absent',NULL,NULL,19,41),(36,'2025-10-04','Absent',NULL,NULL,21,41),(37,'2025-10-06','Absent',NULL,NULL,19,23),(39,'2025-10-06','Absent',NULL,NULL,21,23),(41,'2025-10-06','Absent',NULL,NULL,19,24),(43,'2025-10-06','Absent',NULL,NULL,21,24),(45,'2025-10-07','Absent',NULL,NULL,19,27),(47,'2025-10-07','Absent',NULL,NULL,21,27),(49,'2025-10-07','Absent',NULL,NULL,19,28),(51,'2025-10-07','Absent',NULL,NULL,21,28),(53,'2025-10-08','Absent',NULL,NULL,19,29),(55,'2025-10-08','Absent',NULL,NULL,21,29),(57,'2025-10-08','Absent',NULL,NULL,19,30),(59,'2025-10-08','Absent',NULL,NULL,21,30),(61,'2025-10-09','Absent',NULL,NULL,19,29),(63,'2025-10-09','Absent',NULL,NULL,21,29),(65,'2025-10-09','Absent',NULL,NULL,19,32),(67,'2025-10-09','Absent',NULL,NULL,21,32),(69,'2025-10-09','Absent',NULL,NULL,19,33),(71,'2025-10-09','Absent',NULL,NULL,21,33),(73,'2025-10-04','Present','2025-10-09 20:41:14.105000',NULL,19,40),(75,'2025-10-04','Present','2025-10-09 20:41:28.018000',NULL,21,40),(77,'2025-10-04','Absent','2025-10-09 20:41:32.653000',NULL,19,40),(78,'2025-10-04','Absent','2025-10-09 20:41:34.521000',NULL,21,40),(79,'2025-10-04','Present','2025-10-09 20:41:42.086000',NULL,21,40),(80,'2025-10-04','Present','2025-10-09 20:41:44.241000',NULL,19,40),(82,'2025-10-04','Absent','2025-10-09 20:41:49.471000',NULL,21,40),(84,'2025-10-04','Absent','2025-10-09 20:41:52.983000',NULL,19,40),(85,'2025-10-04','Present','2025-10-09 20:42:02.537000',NULL,21,40),(86,'2025-10-04','Absent','2025-10-09 20:42:04.479000',NULL,21,40),(88,'2025-10-04','Present','2025-10-09 20:42:07.767000',NULL,19,40),(89,'2025-10-04','Present','2025-10-09 20:42:58.473000',NULL,19,39),(91,'2025-10-04','Present','2025-10-09 20:43:02.264000',NULL,21,39),(95,'2025-10-09','Present','2025-10-09 20:57:34.069000',NULL,21,29),(97,'2025-10-09','Absent','2025-10-09 20:57:37.172000',NULL,21,29),(99,'2025-10-09','Present','2025-10-09 20:57:39.648000',NULL,19,29),(101,'2025-10-09','Present','2025-10-09 20:57:40.825000',NULL,21,29),(104,'2025-10-09','Absent','2025-10-09 20:57:43.119000',NULL,21,29),(107,'2025-10-09','Present','2025-10-09 21:03:06.621000',NULL,21,29),(112,'2025-10-10','Absent',NULL,NULL,19,34),(114,'2025-10-10','Absent',NULL,NULL,21,34),(116,'2025-10-10','Absent',NULL,NULL,19,35),(118,'2025-10-10','Absent',NULL,NULL,21,35),(120,'2025-10-10','Absent',NULL,NULL,19,36),(122,'2025-10-10','Absent',NULL,NULL,21,36),(124,'2025-10-10','Absent',NULL,NULL,19,37),(126,'2025-10-10','Absent',NULL,NULL,21,37),(136,'2025-10-09','Absent','2025-10-10 06:27:10.417000',NULL,21,29),(137,'2025-10-09','Present','2025-10-10 06:27:13.199000',NULL,21,29),(138,'2025-10-09','Absent','2025-10-10 06:27:14.987000',NULL,21,29),(139,'2025-10-09','Present','2025-10-10 06:27:17.580000',NULL,21,29),(140,'2025-10-09','Present','2025-10-10 06:27:54.648000',NULL,21,29),(141,'2025-10-08','Present','2025-10-10 11:39:02.379000',NULL,19,30),(143,'2025-10-08','Present','2025-10-10 11:39:19.968000',NULL,21,30),(146,'2025-10-08','Absent','2025-10-10 11:39:27.126000',NULL,19,30),(148,'2025-10-11','Absent',NULL,NULL,19,38),(150,'2025-10-11','Absent',NULL,NULL,21,38),(152,'2025-10-11','Absent',NULL,NULL,19,39),(154,'2025-10-11','Absent',NULL,NULL,21,39),(156,'2025-10-11','Absent',NULL,NULL,19,40),(158,'2025-10-11','Absent',NULL,NULL,21,40),(160,'2025-10-11','Absent',NULL,NULL,19,41),(162,'2025-10-11','Absent',NULL,NULL,21,41),(164,'2025-10-11','Present','2025-10-12 05:46:25.010000',NULL,19,39),(166,'2025-10-11','Present','2025-10-12 05:46:26.941000',NULL,21,39),(169,'2025-10-11','Absent','2025-10-12 05:46:46.858000',NULL,21,39),(171,'2025-10-11','Absent','2025-10-12 05:46:48.568000',NULL,19,39),(172,'2025-10-11','Present','2025-10-12 05:46:52.785000',NULL,21,38),(173,'2025-10-11','Present','2025-10-12 05:47:11.978000',NULL,19,41),(175,'2025-10-11','Present','2025-10-12 05:47:13.586000',NULL,21,41),(179,'2025-10-11','Present','2025-10-12 05:47:54.524000',NULL,21,39),(181,'2025-10-11','Present','2025-10-12 05:47:56.074000',NULL,19,39),(182,'2025-10-11','Absent','2025-10-12 05:47:56.746000',NULL,19,39),(184,'2025-10-11','Absent','2025-10-12 05:47:57.272000',NULL,21,39),(188,'2025-10-11','Present','2025-10-12 05:47:59.533000',NULL,21,39),(190,'2025-10-11','Present','2025-10-12 12:13:11.931000',NULL,21,40),(192,'2025-10-11','Present','2025-10-12 16:33:10.782000',NULL,21,38),(194,'2025-10-11','Present','2025-10-12 16:33:16.443000',NULL,19,38),(196,'2025-10-11','Absent','2025-10-12 16:33:52.763000',NULL,21,38),(197,'2025-10-11','Absent','2025-10-12 16:39:38.596000',NULL,19,38),(198,'2025-10-13','Absent',NULL,NULL,19,23),(200,'2025-10-13','Absent',NULL,NULL,21,23),(202,'2025-10-13','Absent',NULL,NULL,19,24),(204,'2025-10-13','Absent',NULL,NULL,21,24),(206,'2025-10-13','Present','2025-10-13 12:47:09.007000',NULL,19,23),(207,'2025-10-13','Absent','2025-10-13 12:47:11.435000',NULL,19,23),(208,'2025-10-13','Present','2025-10-13 12:47:12.653000',NULL,21,23),(209,'2025-10-13','Absent','2025-10-13 12:47:14.025000',NULL,21,23),(210,'2025-10-13','Present','2025-10-13 12:47:14.965000',NULL,21,23),(211,'2025-10-13','Absent','2025-10-13 12:47:15.957000',NULL,21,23),(212,'2025-10-13','Present','2025-10-13 12:47:16.865000',NULL,21,23),(216,'2025-10-08','Absent','2025-10-13 16:36:12.420000',NULL,19,30),(217,'2025-10-08','Present','2025-10-13 16:36:14.993000',NULL,19,30),(218,'2025-10-14','Absent',NULL,NULL,19,27),(219,'2025-10-14','Absent',NULL,NULL,21,27),(221,'2025-10-14','Absent',NULL,NULL,19,28),(222,'2025-10-14','Absent',NULL,NULL,21,28),(224,'2025-10-15','Absent',NULL,NULL,19,30),(225,'2025-10-15','Absent',NULL,NULL,21,30),(227,'2025-10-16','Absent',NULL,NULL,19,29),(228,'2025-10-16','Absent',NULL,NULL,21,29),(230,'2025-10-16','Absent',NULL,NULL,19,32),(231,'2025-10-16','Absent',NULL,NULL,21,32),(233,'2025-10-16','Absent',NULL,NULL,19,33),(234,'2025-10-16','Absent',NULL,NULL,21,33),(236,'2025-10-17','Absent',NULL,NULL,19,34),(237,'2025-10-17','Absent',NULL,NULL,21,34),(239,'2025-10-17','Absent',NULL,NULL,19,35),(240,'2025-10-17','Absent',NULL,NULL,21,35),(242,'2025-10-17','Absent',NULL,NULL,19,36),(243,'2025-10-17','Absent',NULL,NULL,21,36),(245,'2025-10-17','Absent',NULL,NULL,19,37),(246,'2025-10-17','Absent',NULL,NULL,21,37),(248,'2025-10-18','Absent',NULL,NULL,19,38),(249,'2025-10-18','Absent',NULL,NULL,21,38),(251,'2025-10-18','Absent',NULL,NULL,19,39),(252,'2025-10-18','Absent',NULL,NULL,21,39),(254,'2025-10-18','Absent',NULL,NULL,19,40),(255,'2025-10-18','Absent',NULL,NULL,21,40),(257,'2025-10-18','Absent',NULL,NULL,19,41),(258,'2025-10-18','Absent',NULL,NULL,21,41),(260,'2025-10-20','Absent',NULL,NULL,19,23),(261,'2025-10-20','Absent',NULL,NULL,21,23),(263,'2025-10-20','Absent',NULL,NULL,19,24),(264,'2025-10-20','Absent',NULL,NULL,21,24),(266,'2025-10-21','Absent',NULL,NULL,19,27),(267,'2025-10-21','Absent',NULL,NULL,21,27),(269,'2025-10-21','Absent',NULL,NULL,19,28),(270,'2025-10-21','Absent',NULL,NULL,21,28),(272,'2025-10-22','Absent',NULL,NULL,19,30),(273,'2025-10-22','Absent',NULL,NULL,21,30),(286,'2025-10-22','Present','2025-10-22 12:49:41.494000',NULL,19,30),(299,'2025-10-22','Present','2025-10-22 13:02:29.896000',NULL,19,30),(300,'2025-10-22','Absent','2025-10-22 13:03:15.069000',NULL,19,30),(316,'2025-10-22','Absent','2025-10-22 13:04:53.325000',NULL,19,30),(325,'2025-10-22','Present','2025-10-22 13:05:49.181000',NULL,19,30),(326,'2025-10-22','Present','2025-10-22 13:05:49.181000',NULL,21,30),(336,'2025-10-22','Present','2025-10-22 13:05:49.182000',NULL,19,30),(349,'2025-10-22','Present','2025-10-22 13:05:49.184000',NULL,19,30),(350,'2025-10-22','Absent','2025-10-22 13:05:59.675000',NULL,19,30),(354,'2025-10-22','Absent','2025-10-22 13:05:59.675000',NULL,21,30),(364,'2025-10-22','Absent','2025-10-22 13:05:59.677000',NULL,19,30),(377,'2025-10-22','Absent','2025-10-22 13:05:59.678000',NULL,19,30),(378,'2025-10-22','Present','2025-10-22 13:06:08.916000',NULL,19,30),(380,'2025-10-22','Present','2025-10-22 13:06:08.916000',NULL,21,30),(391,'2025-10-22','Present','2025-10-22 13:06:08.917000',NULL,19,30),(402,'2025-10-22','Present','2025-10-22 13:06:08.918000',NULL,19,30),(408,'2025-10-22','Absent','2025-10-22 13:06:17.987000',NULL,21,30),(411,'2025-10-22','Absent','2025-10-22 13:06:17.987000',NULL,19,30),(420,'2025-10-22','Absent','2025-10-22 13:06:17.988000',NULL,19,30),(432,'2025-10-22','Absent','2025-10-22 13:06:17.990000',NULL,19,30),(434,'2025-10-22','Present','2025-10-22 13:06:21.683000',NULL,19,30),(435,'2025-10-22','Present','2025-10-22 13:06:21.683000',NULL,21,30),(448,'2025-10-22','Present','2025-10-22 13:06:21.684000',NULL,19,30),(452,'2025-10-22','Absent','2025-10-22 13:06:23.683000',NULL,19,30),(458,'2025-10-22','Present','2025-10-22 13:06:25.275000',NULL,19,30),(470,'2025-10-22','Absent','2025-10-22 13:06:26.628000',NULL,19,30),(473,'2025-10-22','Present','2025-10-22 13:06:25.276000',NULL,19,30),(474,'2025-10-22','Absent','2025-10-22 13:06:26.628000',NULL,21,30),(486,'2025-10-22','Absent','2025-10-22 13:07:14.315000',NULL,19,30),(500,'2025-10-22','Absent','2025-10-22 13:07:14.327000',NULL,19,30),(502,'2025-10-22','Present','2025-10-22 13:07:28.693000',NULL,21,30),(505,'2025-10-22','Present','2025-10-22 13:07:28.692000',NULL,19,30),(515,'2025-10-22','Present','2025-10-22 13:07:28.695000',NULL,19,30),(527,'2025-10-22','Present','2025-10-22 13:07:28.696000',NULL,19,30),(538,'2025-10-22','Present','2025-10-22 13:07:33.691000',NULL,19,30),(539,'2025-10-22','Absent','2025-10-22 13:07:34.309000',NULL,19,30),(540,'2025-10-22','Absent','2025-10-22 13:07:34.309000',NULL,21,30),(553,'2025-10-22','Absent','2025-10-22 13:07:34.311000',NULL,19,30),(566,'2025-10-22','Absent','2025-10-22 13:07:39.308000',NULL,19,30),(579,'2025-10-22','Absent','2025-10-22 13:07:39.309000',NULL,19,30),(582,'2025-10-22','Present','2025-10-22 13:07:43.694000',NULL,19,30),(583,'2025-10-22','Present','2025-10-22 13:07:43.695000',NULL,21,30),(597,'2025-10-22','Present','2025-10-22 13:07:43.697000',NULL,19,30),(610,'2025-10-22','Absent','2025-10-22 13:07:44.309000',NULL,19,30),(618,'2025-10-22','Present','2025-10-22 13:07:48.701000',NULL,19,30),(619,'2025-10-22','Absent','2025-10-22 13:07:49.310000',NULL,19,30),(620,'2025-10-22','Absent','2025-10-22 13:07:49.310000',NULL,21,30),(634,'2025-10-22','Absent','2025-10-22 13:07:49.314000',NULL,19,30),(638,'2025-10-22','Present','2025-10-22 13:07:53.691000',NULL,19,30),(639,'2025-10-22','Present','2025-10-22 13:07:53.692000',NULL,21,30),(648,'2025-10-22','Absent','2025-10-22 13:07:54.311000',NULL,19,30),(662,'2025-10-22','Absent','2025-10-22 13:07:54.312000',NULL,19,30),(674,'2025-10-22','Present','2025-10-22 13:07:58.690000',NULL,19,30),(678,'2025-10-22','Absent','2025-10-22 13:07:59.316000',NULL,19,30),(679,'2025-10-22','Absent','2025-10-22 13:07:59.317000',NULL,21,30),(688,'2025-10-22','Absent','2025-10-22 13:07:59.317000',NULL,19,30),(689,'2025-10-22','Present','2025-10-22 13:08:03.701000',NULL,19,30),(690,'2025-10-22','Present','2025-10-22 13:08:03.701000',NULL,21,30),(702,'2025-10-22','Present','2025-10-22 13:08:03.705000',NULL,19,30),(712,'2025-10-22','Absent','2025-10-22 13:08:04.318000',NULL,19,30),(718,'2025-10-22','Absent','2025-10-22 13:08:09.306000',NULL,19,30),(720,'2025-10-22','Absent','2025-10-22 13:08:09.307000',NULL,21,30),(724,'2025-10-22','Absent','2025-10-22 13:08:09.307000',NULL,19,30),(738,'2025-10-22','Absent','2025-10-22 13:08:09.310000',NULL,19,30),(748,'2025-10-22','Absent','2025-10-22 13:08:12.252000',NULL,19,30),(749,'2025-10-22','Present','2025-10-22 13:08:13.691000',NULL,19,30),(750,'2025-10-22','Present','2025-10-22 13:08:13.692000',NULL,21,30),(762,'2025-10-22','Present','2025-10-22 13:08:13.693000',NULL,19,30),(767,'2025-10-22','Present','2025-10-22 13:08:13.924000',NULL,21,30),(769,'2025-10-22','Present','2025-10-22 13:08:13.923000',NULL,19,30),(780,'2025-10-22','Present','2025-10-22 13:08:13.925000',NULL,19,30),(794,'2025-10-22','Absent','2025-10-22 13:08:14.314000',NULL,19,30),(804,'2025-10-22','Present','2025-10-22 13:08:18.694000',NULL,19,30),(817,'2025-10-22','Present','2025-10-22 13:08:18.695000',NULL,19,30),(827,'2025-10-22','Present','2025-10-22 13:08:18.937000',NULL,19,30),(840,'2025-10-22','Present','2025-10-22 13:08:18.939000',NULL,19,30),(841,'2025-10-22','Absent','2025-10-22 13:08:19.307000',NULL,19,30),(842,'2025-10-22','Absent','2025-10-22 13:08:19.308000',NULL,21,30),(846,'2025-10-22','Absent','2025-10-22 13:08:22.255000',NULL,19,30),(847,'2025-10-22','Absent','2025-10-22 13:08:22.255000',NULL,21,30),(858,'2025-10-22','Absent','2025-10-22 13:08:22.258000',NULL,19,30),(870,'2025-10-22','Present','2025-10-22 13:08:23.688000',NULL,19,30),(880,'2025-10-22','Present','2025-10-22 13:08:23.926000',NULL,19,30),(881,'2025-10-22','Absent','2025-10-22 13:08:24.309000',NULL,19,30),(883,'2025-10-22','Absent','2025-10-22 13:08:24.310000',NULL,21,30),(894,'2025-10-22','Absent','2025-10-22 13:08:24.313000',NULL,19,30),(899,'2025-10-22','Absent','2025-10-22 13:08:27.244000',NULL,19,30),(900,'2025-10-22','Absent','2025-10-22 13:08:27.245000',NULL,21,30),(912,'2025-10-22','Absent','2025-10-22 13:08:27.246000',NULL,19,30),(925,'2025-10-22','Present','2025-10-22 13:08:28.696000',NULL,19,30),(933,'2025-10-22','Absent','2025-10-22 13:08:29.306000',NULL,19,30),(935,'2025-10-22','Absent','2025-10-22 13:08:29.306000',NULL,21,30),(936,'2025-10-22','Present','2025-10-22 13:08:28.926000',NULL,19,30),(950,'2025-10-22','Absent','2025-10-22 13:08:29.307000',NULL,19,30),(954,'2025-10-22','Absent','2025-10-22 13:08:32.245000',NULL,19,30),(955,'2025-10-22','Absent','2025-10-22 13:08:32.246000',NULL,21,30),(968,'2025-10-22','Absent','2025-10-22 13:08:32.250000',NULL,19,30),(981,'2025-10-22','Absent','2025-10-22 13:08:32.251000',NULL,19,30),(982,'2025-10-22','Absent','2025-10-22 13:08:34.314000',NULL,21,30),(983,'2025-10-22','Absent','2025-10-22 13:08:34.313000',NULL,19,30),(996,'2025-10-22','Absent','2025-10-22 13:08:34.318000',NULL,19,30),(1009,'2025-10-22','Absent','2025-10-22 13:08:34.320000',NULL,19,30),(1016,'2025-10-22','Absent','2025-10-22 13:08:37.249000',NULL,19,30),(1029,'2025-10-22','Absent','2025-10-22 13:08:37.250000',NULL,19,30),(1030,'2025-10-22','Present','2025-10-22 13:08:38.687000',NULL,19,30),(1031,'2025-10-22','Present','2025-10-22 13:08:38.687000',NULL,21,30),(1043,'2025-10-22','Present','2025-10-22 13:08:38.688000',NULL,19,30),(1045,'2025-10-22','Present','2025-10-22 13:08:38.932000',NULL,19,30),(1046,'2025-10-22','Present','2025-10-22 13:08:38.932000',NULL,21,30),(1058,'2025-10-22','Present','2025-10-22 13:08:38.934000',NULL,19,30),(1072,'2025-10-22','Absent','2025-10-22 13:08:39.310000',NULL,19,30),(1085,'2025-10-22','Present','2025-10-22 13:08:43.691000',NULL,21,30),(1086,'2025-10-22','Absent','2025-10-22 13:08:42.250000',NULL,19,30),(1087,'2025-10-22','Present','2025-10-22 13:08:43.691000',NULL,19,30),(1099,'2025-10-22','Present','2025-10-22 13:08:43.693000',NULL,19,30),(1103,'2025-10-22','Present','2025-10-22 13:08:43.929000',NULL,19,30),(1104,'2025-10-22','Present','2025-10-22 13:08:43.929000',NULL,21,30),(1116,'2025-10-22','Present','2025-10-22 13:08:43.931000',NULL,19,30),(1130,'2025-10-22','Absent','2025-10-22 13:08:44.317000',NULL,19,30),(1139,'2025-10-22','Present','2025-10-22 13:08:48.691000',NULL,19,30),(1141,'2025-10-22','Absent','2025-10-22 13:08:47.252000',NULL,19,30),(1143,'2025-10-22','Present','2025-10-22 13:08:48.691000',NULL,21,30),(1154,'2025-10-22','Present','2025-10-22 13:08:48.692000',NULL,19,30),(1157,'2025-10-22','Present','2025-10-22 13:08:48.932000',NULL,19,30),(1160,'2025-10-22','Present','2025-10-22 13:08:48.933000',NULL,21,30),(1172,'2025-10-22','Present','2025-10-22 13:08:48.935000',NULL,19,30),(1186,'2025-10-22','Absent','2025-10-22 13:08:49.320000',NULL,19,30),(1195,'2025-10-22','Absent','2025-10-22 13:08:52.253000',NULL,19,30),(1196,'2025-10-22','Present','2025-10-22 13:08:53.689000',NULL,19,30),(1197,'2025-10-22','Present','2025-10-22 13:08:53.690000',NULL,21,30),(1210,'2025-10-22','Present','2025-10-22 13:08:53.694000',NULL,19,30),(1216,'2025-10-22','Present','2025-10-22 13:08:53.925000',NULL,19,30),(1217,'2025-10-22','Present','2025-10-22 13:08:53.925000',NULL,21,30),(1231,'2025-10-22','Present','2025-10-22 13:08:53.927000',NULL,19,30),(1244,'2025-10-22','Absent','2025-10-22 13:08:54.308000',NULL,19,30),(1251,'2025-10-22','Absent','2025-10-22 13:08:57.248000',NULL,19,30),(1252,'2025-10-22','Present','2025-10-22 13:08:58.691000',NULL,21,30),(1253,'2025-10-22','Present','2025-10-22 13:08:58.691000',NULL,19,30),(1266,'2025-10-22','Present','2025-10-22 13:08:58.694000',NULL,19,30),(1272,'2025-10-22','Present','2025-10-22 13:08:58.927000',NULL,19,30),(1273,'2025-10-22','Present','2025-10-22 13:08:58.927000',NULL,21,30),(1286,'2025-10-22','Present','2025-10-22 13:08:58.929000',NULL,19,30),(1299,'2025-10-22','Absent','2025-10-22 13:08:59.308000',NULL,19,30),(1300,'2025-10-22','Present','2025-10-22 13:09:03.701000',NULL,19,30),(1302,'2025-10-22','Present','2025-10-22 13:09:03.702000',NULL,21,30),(1312,'2025-10-22','Present','2025-10-22 13:09:03.705000',NULL,19,30),(1327,'2025-10-22','Present','2025-10-22 13:09:03.708000',NULL,19,30),(1328,'2025-10-22','Present','2025-10-22 13:09:03.925000',NULL,19,30),(1329,'2025-10-22','Present','2025-10-22 13:09:03.925000',NULL,21,30),(1343,'2025-10-22','Present','2025-10-22 13:09:03.927000',NULL,19,30),(1359,'2025-10-22','Absent','2025-10-22 13:12:09.041000',NULL,19,30),(1366,'2025-10-22','Absent','2025-10-22 13:12:09.042000',NULL,19,30),(1374,'2025-10-22','Absent','2025-10-22 13:12:09.043000',NULL,19,30),(1376,'2025-10-22','Absent','2025-10-22 13:12:09.043000',NULL,21,30),(1385,'2025-10-22','Absent','2025-10-22 13:12:09.044000',NULL,19,30),(1398,'2025-10-22','Absent','2025-10-22 13:12:09.044000',NULL,19,30),(1399,'2025-10-22','Absent','2025-10-22 13:12:09.045000',NULL,19,30),(1401,'2025-10-22','Absent','2025-10-22 13:12:09.045000',NULL,21,30),(1413,'2025-10-22','Absent','2025-10-22 13:12:09.046000',NULL,19,30),(1423,'2025-10-22','Absent','2025-10-22 13:12:09.047000',NULL,19,30),(1427,'2025-10-22','Absent','2025-10-22 13:12:09.047000',NULL,19,30),(1428,'2025-10-22','Absent','2025-10-22 13:12:09.047000',NULL,21,30),(1441,'2025-10-22','Absent','2025-10-22 13:12:09.048000',NULL,19,30),(1448,'2025-10-22','Absent','2025-10-22 13:12:09.049000',NULL,19,30),(1464,'2025-10-22','Absent','2025-10-22 13:12:09.050000',NULL,19,30),(1466,'2025-10-22','Absent','2025-10-22 13:12:09.050000',NULL,19,30),(1469,'2025-10-22','Absent','2025-10-22 13:12:09.050000',NULL,21,30),(1478,'2025-10-22','Absent','2025-10-22 13:12:09.052000',NULL,19,30),(1493,'2025-10-22','Absent','2025-10-22 13:12:09.053000',NULL,19,30),(1502,'2025-10-22','Absent','2025-10-22 13:12:09.053000',NULL,19,30),(1503,'2025-10-22','Absent','2025-10-22 13:12:09.053000',NULL,19,30),(1504,'2025-10-22','Absent','2025-10-22 13:12:09.053000',NULL,21,30),(1517,'2025-10-22','Absent','2025-10-22 13:12:09.054000',NULL,19,30),(1530,'2025-10-22','Absent','2025-10-22 13:12:09.055000',NULL,19,30),(1532,'2025-10-22','Absent','2025-10-22 13:12:09.055000',NULL,19,30),(1533,'2025-10-22','Absent','2025-10-22 13:12:09.056000',NULL,21,30),(1547,'2025-10-22','Absent','2025-10-22 13:12:09.057000',NULL,19,30),(1550,'2025-10-22','Absent','2025-10-22 13:12:09.057000',NULL,19,30),(1551,'2025-10-22','Absent','2025-10-22 13:12:09.058000',NULL,21,30),(1563,'2025-10-22','Absent','2025-10-22 13:12:09.059000',NULL,19,30),(1566,'2025-10-22','Absent','2025-10-22 13:12:09.059000',NULL,19,30),(1567,'2025-10-22','Absent','2025-10-22 13:12:09.059000',NULL,21,30),(1580,'2025-10-22','Absent','2025-10-22 13:12:09.060000',NULL,19,30),(1584,'2025-10-22','Absent','2025-10-22 13:12:09.060000',NULL,21,30),(1585,'2025-10-22','Absent','2025-10-22 13:12:09.060000',NULL,19,30),(1596,'2025-10-22','Absent','2025-10-22 13:12:09.061000',NULL,19,30),(1612,'2025-10-22','Absent','2025-10-22 13:12:09.063000',NULL,19,30),(1625,'2025-10-22','Absent','2025-10-22 13:12:09.064000',NULL,19,30),(1635,'2025-10-22','Absent','2025-10-22 13:12:09.064000',NULL,19,30),(1648,'2025-10-22','Absent','2025-10-22 13:12:09.065000',NULL,19,30),(1658,'2025-10-22','Absent','2025-10-22 13:12:09.066000',NULL,19,30),(1668,'2025-10-22','Absent','2025-10-22 13:12:09.067000',NULL,19,30),(1676,'2025-10-22','Absent','2025-10-22 13:12:09.067000',NULL,19,30),(1684,'2025-10-22','Absent','2025-10-22 13:12:09.068000',NULL,19,30),(1685,'2025-10-22','Absent','2025-10-22 13:12:09.068000',NULL,19,30),(1686,'2025-10-22','Absent','2025-10-22 13:12:09.069000',NULL,21,30),(1697,'2025-10-22','Absent','2025-10-22 13:12:09.069000',NULL,19,30),(1700,'2025-10-22','Absent','2025-10-22 13:12:09.070000',NULL,19,30),(1701,'2025-10-22','Absent','2025-10-22 13:12:09.070000',NULL,21,30),(1714,'2025-10-22','Absent','2025-10-22 13:12:09.071000',NULL,19,30),(1715,'2025-10-22','Absent','2025-10-22 13:12:09.071000',NULL,19,30),(1716,'2025-10-22','Absent','2025-10-22 13:12:09.071000',NULL,21,30),(1730,'2025-10-22','Absent','2025-10-22 13:12:09.074000',NULL,19,30),(1732,'2025-10-22','Absent','2025-10-22 13:12:09.075000',NULL,19,30),(1734,'2025-10-22','Absent','2025-10-22 13:12:09.075000',NULL,21,30),(1746,'2025-10-22','Absent','2025-10-22 13:12:09.076000',NULL,19,30),(1750,'2025-10-22','Absent','2025-10-22 13:12:09.076000',NULL,19,30),(1751,'2025-10-22','Absent','2025-10-22 13:12:09.076000',NULL,21,30),(1761,'2025-10-22','Absent','2025-10-22 13:12:09.077000',NULL,19,30),(1765,'2025-10-22','Absent','2025-10-22 13:12:09.077000',NULL,19,30),(1767,'2025-10-22','Absent','2025-10-22 13:12:09.077000',NULL,21,30),(1779,'2025-10-22','Absent','2025-10-22 13:12:09.078000',NULL,19,30),(1785,'2025-10-22','Absent','2025-10-22 13:12:09.078000',NULL,19,30),(1786,'2025-10-22','Absent','2025-10-22 13:12:09.079000',NULL,21,30),(1799,'2025-10-22','Absent','2025-10-22 13:12:09.080000',NULL,19,30),(1804,'2025-10-22','Absent','2025-10-22 13:12:09.080000',NULL,21,30),(1805,'2025-10-22','Absent','2025-10-22 13:12:09.080000',NULL,19,30),(1821,'2025-10-22','Absent','2025-10-22 13:12:09.081000',NULL,19,30),(1825,'2025-10-22','Absent','2025-10-22 13:12:09.082000',NULL,21,30),(1826,'2025-10-22','Absent','2025-10-22 13:12:09.082000',NULL,19,30),(1839,'2025-10-22','Absent','2025-10-22 13:12:09.083000',NULL,19,30),(1845,'2025-10-22','Absent','2025-10-22 13:12:09.084000',NULL,19,30),(1846,'2025-10-22','Absent','2025-10-22 13:12:09.084000',NULL,21,30),(1858,'2025-10-22','Absent','2025-10-22 13:12:09.085000',NULL,19,30),(1865,'2025-10-22','Absent','2025-10-22 13:12:09.086000',NULL,19,30),(1868,'2025-10-22','Absent','2025-10-22 13:12:09.086000',NULL,21,30),(1877,'2025-10-22','Absent','2025-10-22 13:12:09.087000',NULL,19,30),(1891,'2025-10-22','Absent','2025-10-22 13:12:09.088000',NULL,19,30),(1892,'2025-10-22','Absent','2025-10-22 13:12:09.088000',NULL,19,30),(1895,'2025-10-22','Absent','2025-10-22 13:12:09.088000',NULL,21,30),(1908,'2025-10-22','Absent','2025-10-22 13:12:09.089000',NULL,19,30),(1918,'2025-10-22','Present','2025-10-22 13:12:11.061000',NULL,19,30),(1919,'2025-10-22','Present','2025-10-22 13:12:11.062000',NULL,21,30),(1933,'2025-10-22','Present','2025-10-22 13:12:11.064000',NULL,19,30),(1940,'2025-10-22','Present','2025-10-22 13:12:11.064000',NULL,19,30),(1952,'2025-10-22','Present','2025-10-22 13:12:11.065000',NULL,19,30),(1958,'2025-10-22','Present','2025-10-22 13:12:11.066000',NULL,19,30),(1962,'2025-10-22','Present','2025-10-22 13:12:11.066000',NULL,21,30),(1968,'2025-10-22','Present','2025-10-22 13:12:11.067000',NULL,19,30),(1985,'2025-10-22','Present','2025-10-22 13:12:11.068000',NULL,19,30),(1987,'2025-10-22','Present','2025-10-22 13:12:11.069000',NULL,21,30),(1991,'2025-10-22','Present','2025-10-22 13:12:11.069000',NULL,19,30),(1998,'2025-10-22','Present','2025-10-22 13:12:11.070000',NULL,19,30),(2010,'2025-10-21','Present','2025-10-22 13:15:24.788000',NULL,21,28),(2011,'2025-10-21','Present','2025-10-22 13:15:24.787000',NULL,19,28),(2013,'2025-10-21','Absent','2025-10-22 13:15:25.451000',NULL,19,28),(2014,'2025-10-21','Absent','2025-10-22 13:15:25.451000',NULL,21,28),(2015,'2025-10-21','Present','2025-10-22 13:15:29.773000',NULL,21,28),(2016,'2025-10-21','Present','2025-10-22 13:15:29.772000',NULL,19,28),(2018,'2025-10-21','Absent','2025-10-22 13:15:30.452000',NULL,19,28),(2019,'2025-10-21','Present','2025-10-22 13:15:34.772000',NULL,19,28),(2021,'2025-10-21','Absent','2025-10-22 13:15:35.453000',NULL,21,28),(2022,'2025-10-21','Present','2025-10-22 13:15:39.784000',NULL,19,27),(2023,'2025-10-21','Present','2025-10-22 13:15:39.785000',NULL,21,27),(2025,'2025-10-21','Absent','2025-10-22 13:15:40.456000',NULL,19,27),(2026,'2025-10-21','Absent','2025-10-22 13:15:40.457000',NULL,21,27),(2028,'2025-10-21','Present','2025-10-22 13:15:44.774000',NULL,21,28),(2029,'2025-10-21','Present','2025-10-22 13:15:44.774000',NULL,19,28),(2031,'2025-10-21','Present','2025-10-22 13:15:44.773000',NULL,19,28),(2033,'2025-10-21','Present','2025-10-22 13:15:44.774000',NULL,21,28),(2034,'2025-10-21','Absent','2025-10-22 13:15:45.457000',NULL,21,28),(2035,'2025-10-21','Present','2025-10-22 13:15:44.774000',NULL,21,28),(2036,'2025-10-21','Present','2025-10-22 13:15:44.774000',NULL,19,28),(2037,'2025-10-21','Absent','2025-10-22 13:15:45.458000',NULL,21,28),(2039,'2025-10-21','Absent','2025-10-22 13:15:45.458000',NULL,19,28),(2040,'2025-10-21','Absent','2025-10-22 13:15:45.459000',NULL,19,28),(2041,'2025-10-21','Absent','2025-10-22 13:15:45.459000',NULL,19,28),(2043,'2025-10-21','Present','2025-10-22 13:15:49.780000',NULL,21,27),(2044,'2025-10-21','Present','2025-10-22 13:15:49.781000',NULL,21,27),(2046,'2025-10-21','Present','2025-10-22 13:15:49.780000',NULL,19,27),(2047,'2025-10-21','Present','2025-10-22 13:15:49.781000',NULL,19,27),(2050,'2025-10-21','Absent','2025-10-22 13:15:50.459000',NULL,21,27),(2052,'2025-10-21','Absent','2025-10-22 13:15:50.459000',NULL,19,27),(2053,'2025-10-21','Absent','2025-10-22 13:15:50.458000',NULL,19,27),(2054,'2025-10-21','Absent','2025-10-22 13:15:50.459000',NULL,21,27),(2055,'2025-10-21','Absent','2025-10-22 13:15:50.459000',NULL,21,27),(2056,'2025-10-21','Present','2025-10-22 13:15:54.778000',NULL,19,27),(2058,'2025-10-21','Present','2025-10-22 13:15:54.779000',NULL,21,27),(2060,'2025-10-21','Present','2025-10-22 13:15:54.780000',NULL,21,27),(2061,'2025-10-21','Present','2025-10-22 13:15:54.779000',NULL,19,27),(2062,'2025-10-21','Present','2025-10-22 13:15:54.780000',NULL,21,27),(2063,'2025-10-21','Absent','2025-10-22 13:15:55.453000',NULL,19,27),(2065,'2025-10-21','Absent','2025-10-22 13:15:55.453000',NULL,19,27),(2066,'2025-10-21','Absent','2025-10-22 13:15:55.453000',NULL,21,27),(2068,'2025-10-21','Absent','2025-10-22 13:15:55.453000',NULL,19,27),(2070,'2025-10-21','Present','2025-10-22 13:15:59.788000',NULL,19,27),(2071,'2025-10-21','Present','2025-10-22 13:15:59.787000',NULL,19,27),(2073,'2025-10-21','Present','2025-10-22 13:15:59.787000',NULL,21,27),(2074,'2025-10-21','Present','2025-10-22 13:15:59.786000',NULL,19,27),(2077,'2025-10-21','Absent','2025-10-22 13:16:00.463000',NULL,21,27),(2078,'2025-10-21','Absent','2025-10-22 13:16:00.463000',NULL,21,27),(2079,'2025-10-21','Present','2025-10-22 13:16:04.773000',NULL,21,27),(2080,'2025-10-21','Present','2025-10-22 13:16:04.772000',NULL,21,27),(2081,'2025-10-21','Absent','2025-10-22 13:16:05.452000',NULL,21,27),(2083,'2025-10-21','Absent','2025-10-22 13:16:05.451000',NULL,19,27),(2085,'2025-10-21','Absent','2025-10-22 13:16:05.452000',NULL,21,27),(2086,'2025-10-21','Absent','2025-10-22 13:16:05.452000',NULL,19,27),(2087,'2025-10-21','Absent','2025-10-22 13:16:05.452000',NULL,19,27),(2088,'2025-10-21','Absent','2025-10-22 13:16:05.452000',NULL,21,27),(2090,'2025-10-21','Present','2025-10-23 03:40:45.168000',NULL,19,27),(2091,'2025-10-21','Absent','2025-10-23 03:40:47.558000',NULL,19,27),(2092,'2025-10-21','Present','2025-10-23 03:40:48.994000',NULL,19,27),(2093,'2025-10-21','Absent','2025-10-23 03:40:50.222000',NULL,19,27),(2094,'2025-10-21','Present','2025-10-23 03:40:51.566000',NULL,19,27),(2096,'2025-10-21','Present','2025-10-23 03:44:09.273000',NULL,21,27),(2097,'2025-10-21','Absent','2025-10-23 03:44:11.121000',NULL,21,27),(2099,'2025-10-21','Present','2025-10-23 03:47:37.497000',NULL,21,27),(2100,'2025-10-21','Absent','2025-10-23 03:47:59.399000',NULL,19,27),(2101,'2025-10-21','Present','2025-10-23 03:48:01.353000',NULL,19,27),(2102,'2025-10-20','Present','2025-10-23 03:51:11.257000',NULL,19,24),(2103,'2025-10-20','Present','2025-10-23 03:51:12.878000',NULL,21,24),(2105,'2025-10-28','Absent',NULL,NULL,19,27),(2106,'2025-10-28','Absent',NULL,NULL,21,27),(2108,'2025-10-28','Present','2025-10-28 06:16:03.652198',0.468890905380249,27,27),(2109,'2025-10-28','Absent','2025-11-01 18:34:04.782000',NULL,27,27),(2110,'2025-10-28','Present','2025-11-01 18:34:06.038000',NULL,27,27),(2111,'2025-10-28','Present','2025-11-01 18:34:09.038000',NULL,19,27),(2112,'2025-10-28','Absent','2025-11-01 18:34:09.923000',NULL,19,27),(2113,'2025-10-21','Present','2025-11-01 19:26:44.548000',NULL,19,27);
/*!40000 ALTER TABLE `attendence_attendencesummary` ENABLE KEYS */;
UNLOCK TABLES;

--
-- Table structure for table `attendence_device`
--

DROP TABLE IF EXISTS `attendence_device`;
/*!40101 SET @saved_cs_client     = @@character_set_client */;
/*!50503 SET character_set_client = utf8mb4 */;
CREATE TABLE `attendence_device` (
  `id` bigint NOT NULL AUTO_INCREMENT,
  `code` varchar(255) COLLATE utf8mb4_unicode_ci NOT NULL,
  `section_id` bigint DEFAULT NULL,
  `semester_id` bigint DEFAULT NULL,
  PRIMARY KEY (`id`),
  KEY `attendence_device_section_id_a8b014dc_fk_attendence_section_id` (`section_id`),
  KEY `attendence_device_semester_id_83433ad3_fk_attendence_semester_id` (`semester_id`),
  CONSTRAINT `attendence_device_section_id_a8b014dc_fk_attendence_section_id` FOREIGN KEY (`section_id`) REFERENCES `attendence_section` (`id`),
  CONSTRAINT `attendence_device_semester_id_83433ad3_fk_attendence_semester_id` FOREIGN KEY (`semester_id`) REFERENCES `attendence_semester` (`id`)
) ENGINE=InnoDB AUTO_INCREMENT=11 DEFAULT CHARSET=utf8mb4 COLLATE=utf8mb4_unicode_ci;
/*!40101 SET character_set_client = @saved_cs_client */;

--
-- Dumping data for table `attendence_device`
--

LOCK TABLES `attendence_device` WRITE;
/*!40000 ALTER TABLE `attendence_device` DISABLE KEYS */;
INSERT INTO `attendence_device` VALUES (1,'XYZ',2,5),(6,'ABC',2,6),(9,'LT1',2,4);
/*!40000 ALTER TABLE `attendence_device` ENABLE KEYS */;
UNLOCK TABLES;

--
-- Table structure for table `attendence_section`
--

DROP TABLE IF EXISTS `attendence_section`;
/*!40101 SET @saved_cs_client     = @@character_set_client */;
/*!50503 SET character_set_client = utf8mb4 */;
CREATE TABLE `attendence_section` (
  `id` bigint NOT NULL AUTO_INCREMENT,
  `name` varchar(255) COLLATE utf8mb4_unicode_ci NOT NULL,
  PRIMARY KEY (`id`)
) ENGINE=InnoDB AUTO_INCREMENT=5 DEFAULT CHARSET=utf8mb4 COLLATE=utf8mb4_unicode_ci;
/*!40101 SET character_set_client = @saved_cs_client */;

--
-- Dumping data for table `attendence_section`
--

LOCK TABLES `attendence_section` WRITE;
/*!40000 ALTER TABLE `attendence_section` DISABLE KEYS */;
INSERT INTO `attendence_section` VALUES (1,'A'),(2,'B'),(3,'B1'),(4,'B2');
/*!40000 ALTER TABLE `attendence_section` ENABLE KEYS */;
UNLOCK TABLES;

--
-- Table structure for table `attendence_semester`
--

DROP TABLE IF EXISTS `attendence_semester`;
/*!40101 SET @saved_cs_client     = @@character_set_client */;
/*!50503 SET character_set_client = utf8mb4 */;
CREATE TABLE `attendence_semester` (
  `id` bigint NOT NULL AUTO_INCREMENT,
  `name` varchar(128) COLLATE utf8mb4_unicode_ci NOT NULL,
  PRIMARY KEY (`id`)
) ENGINE=InnoDB AUTO_INCREMENT=13 DEFAULT CHARSET=utf8mb4 COLLATE=utf8mb4_unicode_ci;
/*!40101 SET character_set_client = @saved_cs_client */;

--
-- Dumping data for table `attendence_semester`
--

LOCK TABLES `attendence_semester` WRITE;
/*!40000 ALTER TABLE `attendence_semester` DISABLE KEYS */;
INSERT INTO `attendence_semester` VALUES (1,'1st Semester'),(2,'2nd Semester'),(4,'4th Semester'),(5,'5th Semester'),(6,'6th Semester'),(7,'7th Semester'),(8,'8th Semester'),(9,'3rd Semester');
/*!40000 ALTER TABLE `attendence_semester` ENABLE KEYS */;
UNLOCK TABLES;

--
-- Table structure for table `attendence_student`
--

DROP TABLE IF EXISTS `attendence_student`;
/*!40101 SET @saved_cs_client     = @@character_set_client */;
/*!50503 SET character_set_client = utf8mb4 */;
CREATE TABLE `attendence_student` (
  `id` bigint NOT NULL AUTO_INCREMENT,
  `roll_no` varchar(255) COLLATE utf8mb4_unicode_ci NOT NULL,
  `name` varchar(255) COLLATE utf8mb4_unicode_ci NOT NULL,
  `email` varchar(254) COLLATE utf8mb4_unicode_ci DEFAULT NULL,
  `phone` varchar(255) COLLATE utf8mb4_unicode_ci DEFAULT NULL,
  `section_id` bigint NOT NULL,
  `semester_id` bigint NOT NULL,
  PRIMARY KEY (`id`),
  UNIQUE KEY `roll_no` (`roll_no`),
  KEY `attendence_student_section_id_db7f3959_fk_attendence_section_id` (`section_id`),
  KEY `attendence_student_semester_id_793c0fca_fk_attendenc` (`semester_id`),
  CONSTRAINT `attendence_student_section_id_db7f3959_fk_attendence_section_id` FOREIGN KEY (`section_id`) REFERENCES `attendence_section` (`id`),
  CONSTRAINT `attendence_student_semester_id_793c0fca_fk_attendenc` FOREIGN KEY (`semester_id`) REFERENCES `attendence_semester` (`id`)
) ENGINE=InnoDB AUTO_INCREMENT=28 DEFAULT CHARSET=utf8mb4 COLLATE=utf8mb4_unicode_ci;
/*!40101 SET character_set_client = @saved_cs_client */;

--
-- Dumping data for table `attendence_student`
--

LOCK TABLES `attendence_student` WRITE;
/*!40000 ALTER TABLE `attendence_student` DISABLE KEYS */;
INSERT INTO `attendence_student` VALUES (19,'23EBUCS067','Rohit Panchariya','xyz@xyz.com','0000000000',2,5),(21,'23EBUCS069','Subham alvar','test@email.com','9876548765',2,5),(27,'23EBUCS068','Rudrakash Tiwari','rudrakash@gmail.com','999999999',2,5);
/*!40000 ALTER TABLE `attendence_student` ENABLE KEYS */;
UNLOCK TABLES;

--
-- Table structure for table `attendence_subject`
--

DROP TABLE IF EXISTS `attendence_subject`;
/*!40101 SET @saved_cs_client     = @@character_set_client */;
/*!50503 SET character_set_client = utf8mb4 */;
CREATE TABLE `attendence_subject` (
  `id` bigint NOT NULL AUTO_INCREMENT,
  `code` varchar(128) COLLATE utf8mb4_unicode_ci NOT NULL,
  `name` varchar(255) COLLATE utf8mb4_unicode_ci NOT NULL,
  PRIMARY KEY (`id`),
  UNIQUE KEY `code` (`code`)
) ENGINE=InnoDB AUTO_INCREMENT=15 DEFAULT CHARSET=utf8mb4 COLLATE=utf8mb4_unicode_ci;
/*!40101 SET character_set_client = @saved_cs_client */;

--
-- Dumping data for table `attendence_subject`
--

LOCK TABLES `attendence_subject` WRITE;
/*!40000 ALTER TABLE `attendence_subject` DISABLE KEYS */;
INSERT INTO `attendence_subject` VALUES (1,'5CS4-01','Operating Systemss'),(2,'5CS4-02','Computer Organization and Architecture'),(3,'5CS4-03','Computer Networks'),(5,'5CS4-05','Machine Learning'),(6,'5CS5-11','Human Computer Interaction'),(7,'5CS5-12','Introduction to Data Science'),(8,'5CS5-13','Distributed Systems'),(9,'5CS5-14','Augmented Reality and Virtual Reality'),(10,'5CS5-15','Introduction to Blockchain'),(11,'5CS5-16','Data Mining and Warehousing');
/*!40000 ALTER TABLE `attendence_subject` ENABLE KEYS */;
UNLOCK TABLES;

--
-- Table structure for table `attendence_teaching`
--

DROP TABLE IF EXISTS `attendence_teaching`;
/*!40101 SET @saved_cs_client     = @@character_set_client */;
/*!50503 SET character_set_client = utf8mb4 */;
CREATE TABLE `attendence_teaching` (
  `id` bigint NOT NULL AUTO_INCREMENT,
  `professor_id` bigint NOT NULL,
  `section_id` bigint NOT NULL,
  `semester_id` bigint NOT NULL,
  `subject_id` bigint NOT NULL,
  PRIMARY KEY (`id`),
  KEY `attendence_teaching_professor_id_7fe5b398_fk_attendence_user_id` (`professor_id`),
  KEY `attendence_teaching_section_id_0a207f4c_fk_attendence_section_id` (`section_id`),
  KEY `attendence_teaching_semester_id_2b701a9c_fk_attendenc` (`semester_id`),
  KEY `attendence_teaching_subject_id_f5baf996_fk_attendence_subject_id` (`subject_id`),
  CONSTRAINT `attendence_teaching_professor_id_7fe5b398_fk_attendence_user_id` FOREIGN KEY (`professor_id`) REFERENCES `attendence_user` (`id`),
  CONSTRAINT `attendence_teaching_section_id_0a207f4c_fk_attendence_section_id` FOREIGN KEY (`section_id`) REFERENCES `attendence_section` (`id`),
  CONSTRAINT `attendence_teaching_semester_id_2b701a9c_fk_attendenc` FOREIGN KEY (`semester_id`) REFERENCES `attendence_semester` (`id`),
  CONSTRAINT `attendence_teaching_subject_id_f5baf996_fk_attendence_subject_id` FOREIGN KEY (`subject_id`) REFERENCES `attendence_subject` (`id`)
) ENGINE=InnoDB AUTO_INCREMENT=16 DEFAULT CHARSET=utf8mb4 COLLATE=utf8mb4_unicode_ci;
/*!40101 SET character_set_client = @saved_cs_client */;

--
-- Dumping data for table `attendence_teaching`
--

LOCK TABLES `attendence_teaching` WRITE;
/*!40000 ALTER TABLE `attendence_teaching` DISABLE KEYS */;
INSERT INTO `attendence_teaching` VALUES (1,10,1,5,1),(2,4,1,5,2),(3,3,1,5,3),(5,8,1,5,5),(6,8,1,5,7),(7,7,1,5,11),(8,10,2,5,1),(9,4,2,5,2),(10,11,2,5,3),(12,8,2,5,5),(13,8,2,5,7),(14,7,2,5,11),(15,10,2,5,10);
/*!40000 ALTER TABLE `attendence_teaching` ENABLE KEYS */;
UNLOCK TABLES;

--
-- Table structure for table `attendence_timetableslot`
--

DROP TABLE IF EXISTS `attendence_timetableslot`;
/*!40101 SET @saved_cs_client     = @@character_set_client */;
/*!50503 SET character_set_client = utf8mb4 */;
CREATE TABLE `attendence_timetableslot` (
  `id` bigint NOT NULL AUTO_INCREMENT,
  `weekday` int NOT NULL,
  `start` time(6) NOT NULL,
  `end` time(6) NOT NULL,
  `section_id` bigint NOT NULL,
  `semester_id` bigint NOT NULL,
  `subject_id` bigint NOT NULL,
  PRIMARY KEY (`id`),
  KEY `attendence_timetable_section_id_e2389e4e_fk_attendenc` (`section_id`),
  KEY `attendence_timetable_semester_id_440c9ae9_fk_attendenc` (`semester_id`),
  KEY `attendence_timetable_subject_id_3bb9d077_fk_attendenc` (`subject_id`),
  CONSTRAINT `attendence_timetable_section_id_e2389e4e_fk_attendenc` FOREIGN KEY (`section_id`) REFERENCES `attendence_section` (`id`),
  CONSTRAINT `attendence_timetable_semester_id_440c9ae9_fk_attendenc` FOREIGN KEY (`semester_id`) REFERENCES `attendence_semester` (`id`),
  CONSTRAINT `attendence_timetable_subject_id_3bb9d077_fk_attendenc` FOREIGN KEY (`subject_id`) REFERENCES `attendence_subject` (`id`)
) ENGINE=InnoDB AUTO_INCREMENT=52 DEFAULT CHARSET=utf8mb4 COLLATE=utf8mb4_unicode_ci;
/*!40101 SET character_set_client = @saved_cs_client */;

--
-- Dumping data for table `attendence_timetableslot`
--

LOCK TABLES `attendence_timetableslot` WRITE;
/*!40000 ALTER TABLE `attendence_timetableslot` DISABLE KEYS */;
INSERT INTO `attendence_timetableslot` VALUES (4,0,'09:00:00.000000','09:50:00.000000',1,5,2),(5,0,'09:50:00.000000','10:40:00.000000',1,5,1),(6,0,'10:40:00.000000','11:30:00.000000',1,5,3),(7,1,'09:00:00.000000','09:50:00.000000',1,5,1),(8,1,'09:50:00.000000','10:40:00.000000',1,5,3),(9,1,'10:40:00.000000','11:30:00.000000',1,5,2),(10,2,'09:00:00.000000','09:50:00.000000',1,5,3),(11,2,'09:50:00.000000','10:40:00.000000',1,5,2),(12,2,'10:40:00.000000','11:30:00.000000',1,5,1),(13,3,'09:00:00.000000','09:50:00.000000',1,5,7),(15,3,'10:40:00.000000','11:30:00.000000',1,5,5),(16,4,'09:00:00.000000','09:50:00.000000',1,5,5),(17,4,'09:50:00.000000','10:40:00.000000',1,5,11),(19,4,'12:20:00.000000','13:10:00.000000',1,5,7),(20,5,'09:00:00.000000','09:50:00.000000',1,5,11),(21,5,'09:50:00.000000','10:40:00.000000',1,5,2),(22,5,'10:40:00.000000','11:30:00.000000',1,5,5),(23,0,'10:40:00.000000','11:30:00.000000',2,5,3),(24,0,'11:30:00.000000','12:20:00.000000',2,5,5),(27,1,'11:30:00.000000','12:20:00.000000',2,5,5),(28,1,'12:20:00.000000','13:10:00.000000',2,5,3),(29,3,'10:00:00.000000','10:18:00.000000',2,5,5),(30,2,'11:30:00.000000','12:20:00.000000',2,5,1),(32,3,'10:40:00.000000','11:30:00.000000',2,5,2),(33,3,'11:30:00.000000','12:20:00.000000',2,5,1),(34,4,'09:00:00.000000','09:50:00.000000',2,5,2),(35,4,'09:50:00.000000','10:40:00.000000',2,5,11),(36,4,'10:40:00.000000','11:30:00.000000',2,5,1),(37,4,'11:30:00.000000','22:34:00.000000',2,5,7),(38,5,'09:00:00.000000','09:50:00.000000',2,5,11),(39,5,'09:50:00.000000','10:40:00.000000',2,5,2),(40,5,'10:40:00.000000','11:30:00.000000',2,5,3),(41,5,'11:30:00.000000','20:20:00.000000',2,5,7),(45,2,'10:45:00.000000','23:30:00.000000',2,1,10),(51,0,'06:27:00.000000','18:25:00.000000',1,1,8);
/*!40000 ALTER TABLE `attendence_timetableslot` ENABLE KEYS */;
UNLOCK TABLES;

--
-- Table structure for table `attendence_user`
--

DROP TABLE IF EXISTS `attendence_user`;
/*!40101 SET @saved_cs_client     = @@character_set_client */;
/*!50503 SET character_set_client = utf8mb4 */;
CREATE TABLE `attendence_user` (
  `id` bigint NOT NULL AUTO_INCREMENT,
  `last_login` datetime(6) DEFAULT NULL,
  `email` varchar(254) COLLATE utf8mb4_unicode_ci NOT NULL,
  `name` varchar(255) COLLATE utf8mb4_unicode_ci NOT NULL,
  `password` varchar(255) COLLATE utf8mb4_unicode_ci NOT NULL,
  `role` varchar(255) COLLATE utf8mb4_unicode_ci NOT NULL,
  `is_active` tinyint(1) NOT NULL,
  `created_at` datetime(6) NOT NULL,
  PRIMARY KEY (`id`),
  UNIQUE KEY `email` (`email`)
) ENGINE=InnoDB AUTO_INCREMENT=63 DEFAULT CHARSET=utf8mb4 COLLATE=utf8mb4_unicode_ci;
/*!40101 SET character_set_client = @saved_cs_client */;

--
-- Dumping data for table `attendence_user`
--

LOCK TABLES `attendence_user` WRITE;
/*!40000 ALTER TABLE `attendence_user` DISABLE KEYS */;
INSERT INTO `attendence_user` VALUES (2,NULL,'dr.ajeet.singh.poonia@btu.ac.in','Dr. Ajeet Singh Poonia','pbkdf2_sha256$1000000$eMUc5mdU8VFNs6oSfVMvrK$5vX8Vdk9gU0zZJXZBf8U+jCoKWg2uXVoTf7wWvzlZqw=','Professor',1,'2025-10-15 13:37:44.190683'),(3,NULL,'mr.devender.daila@btu.ac.in','Mr. Devender Daila','pbkdf2_sha256$1000000$voNFTXqHkbqvtusJbWxXlj$Z85ekhVCkiCx/9DNlZnvXVUJS6AK4ZoxzRCA1+mrGcY=','Professor',1,'2025-10-15 13:37:44.190683'),(4,NULL,'mrs.gagandeep.kaur@btu.ac.in','Mrs. Gagandeep Kaur','pbkdf2_sha256$1000000$giTZHPYC2a5e11JNk0iMEF$yg87II+sGmzcmx083ZUtl+QjYfbiTxXb+Jdd0FaSTZc=','Professor',1,'2025-10-15 13:37:44.190683'),(5,NULL,'mr.jai.bhaskar@btu.ac.in','Mr. Jai Bhaskar','pbkdf2_sha256$1000000$X6uuYUv64zFC7ALbWNz6sh$OW1pirfRuS9gUbVN71ochPE2bSXEbgteHeHgHn07C/U=','Professor',1,'2025-10-15 13:37:44.190683'),(6,NULL,'dr.kapil.pandey@btu.ac.in','Dr. Kapil Pandey','pbkdf2_sha256$1000000$FhUeF87OLIY5rWx9zGctEo$MBiQ5zUW8res0UulXtHW8tCtMK13vYV3oN8ggf9fCM8=','Professor',1,'2025-10-15 13:37:44.190683'),(7,NULL,'mr.kartar.singh@btu.ac.in','Mr. Kartar Singh','pbkdf2_sha256$1000000$T3pXUrF2PGsFLEkywuiQqD$mbRfYRHEngbn6zO9BZtEipAScuoi4uc0hbmJ1/DB6lI=','Professor',1,'2025-10-15 13:37:44.190683'),(8,NULL,'mrs.neeraj.choudhary@btu.ac.in','Mrs. Neeraj Choudhary','pbkdf2_sha256$1000000$2qFsjmfMT5kdaywXStxu0I$zkOcO0nSPUKqy9t029+U8D95hHq5A39UlCFJwoGSeYQ=','Professor',1,'2025-10-15 13:37:44.190683'),(9,NULL,'dr.sunita.choudhary@btu.ac.in','Dr. Sunita Choudhary','pbkdf2_sha256$1000000$SyheJnKt2PuiZhYwyMarfT$zyAufIjgAMKdRbB7F0ZWzf5TLO8PkjaLht2m1x+pzjA=','Professor',1,'2025-10-15 13:37:44.190683'),(10,NULL,'mr.sandeep.kumar@btu.ac.in','Mr. Sandeep Kumar','pbkdf2_sha256$1000000$Jz34MYDjQ55MRLvjAHOX08$vXnMYinLv+MgRm4bmwrLy/rBK6wGfjidE3+nAyV+HD8=','Professor',1,'2025-10-15 13:37:44.190683'),(11,NULL,'dr.dharmendra.yadav@btu.ac.in','Dr. Dharmendra Yadav','pbkdf2_sha256$1000000$KxczaXYcHjjxvH262488qy$4YUg5NPYe6+qVk5WRfkpWaSWv89wRvwPnUJMuEYF9e8=','Professor',1,'2025-10-15 13:37:44.190683'),(12,NULL,'piyush@gmail.com','Piyush','pbkdf2_sha256$1000000$5ohG3t1YRdO65JQrYH0ig1$hj4ZL5uQDlhlLE7E7URLDSUIWKrtklZLOKDwH62O08g=','Admin',1,'2025-10-15 13:37:44.190683'),(13,NULL,'piyush@piyush.com','Piyush','pbkdf2_sha256$1000000$b9AaUdKUmfkyvruNO2dARR$LnegG+PyjizlKkJD+4DRBrQAiJ9OUfyp8MQ261SJk2E=','Admin',1,'2025-10-15 13:37:44.190683'),(61,NULL,'admin@email.com','Yogesh','pbkdf2_sha256$1000000$XKPWyqAFsSsAvD2KWAxAkc$zHUQ0uTetUtsmLvAEuE2isc2lkule2Ihz5WG3TT4jYM=','Admin',1,'2025-10-15 17:15:44.892621');
/*!40000 ALTER TABLE `attendence_user` ENABLE KEYS */;
UNLOCK TABLES;

--
-- Table structure for table `auth_group`
--

DROP TABLE IF EXISTS `auth_group`;
/*!40101 SET @saved_cs_client     = @@character_set_client */;
/*!50503 SET character_set_client = utf8mb4 */;
CREATE TABLE `auth_group` (
  `id` int NOT NULL AUTO_INCREMENT,
  `name` varchar(150) COLLATE utf8mb4_unicode_ci NOT NULL,
  PRIMARY KEY (`id`),
  UNIQUE KEY `name` (`name`)
) ENGINE=InnoDB DEFAULT CHARSET=utf8mb4 COLLATE=utf8mb4_unicode_ci;
/*!40101 SET character_set_client = @saved_cs_client */;

--
-- Dumping data for table `auth_group`
--

LOCK TABLES `auth_group` WRITE;
/*!40000 ALTER TABLE `auth_group` DISABLE KEYS */;
/*!40000 ALTER TABLE `auth_group` ENABLE KEYS */;
UNLOCK TABLES;

--
-- Table structure for table `auth_group_permissions`
--

DROP TABLE IF EXISTS `auth_group_permissions`;
/*!40101 SET @saved_cs_client     = @@character_set_client */;
/*!50503 SET character_set_client = utf8mb4 */;
CREATE TABLE `auth_group_permissions` (
  `id` bigint NOT NULL AUTO_INCREMENT,
  `group_id` int NOT NULL,
  `permission_id` int NOT NULL,
  PRIMARY KEY (`id`),
  UNIQUE KEY `auth_group_permissions_group_id_permission_id_0cd325b0_uniq` (`group_id`,`permission_id`),
  KEY `auth_group_permissio_permission_id_84c5c92e_fk_auth_perm` (`permission_id`),
  CONSTRAINT `auth_group_permissio_permission_id_84c5c92e_fk_auth_perm` FOREIGN KEY (`permission_id`) REFERENCES `auth_permission` (`id`),
  CONSTRAINT `auth_group_permissions_group_id_b120cbf9_fk_auth_group_id` FOREIGN KEY (`group_id`) REFERENCES `auth_group` (`id`)
) ENGINE=InnoDB DEFAULT CHARSET=utf8mb4 COLLATE=utf8mb4_unicode_ci;
/*!40101 SET character_set_client = @saved_cs_client */;

--
-- Dumping data for table `auth_group_permissions`
--

LOCK TABLES `auth_group_permissions` WRITE;
/*!40000 ALTER TABLE `auth_group_permissions` DISABLE KEYS */;
/*!40000 ALTER TABLE `auth_group_permissions` ENABLE KEYS */;
UNLOCK TABLES;

--
-- Table structure for table `auth_permission`
--

DROP TABLE IF EXISTS `auth_permission`;
/*!40101 SET @saved_cs_client     = @@character_set_client */;
/*!50503 SET character_set_client = utf8mb4 */;
CREATE TABLE `auth_permission` (
  `id` int NOT NULL AUTO_INCREMENT,
  `name` varchar(255) COLLATE utf8mb4_unicode_ci NOT NULL,
  `content_type_id` int NOT NULL,
  `codename` varchar(100) COLLATE utf8mb4_unicode_ci NOT NULL,
  PRIMARY KEY (`id`),
  UNIQUE KEY `auth_permission_content_type_id_codename_01ab375a_uniq` (`content_type_id`,`codename`),
  CONSTRAINT `auth_permission_content_type_id_2f476e4b_fk_django_co` FOREIGN KEY (`content_type_id`) REFERENCES `django_content_type` (`id`)
) ENGINE=InnoDB AUTO_INCREMENT=65 DEFAULT CHARSET=utf8mb4 COLLATE=utf8mb4_unicode_ci;
/*!40101 SET character_set_client = @saved_cs_client */;

--
-- Dumping data for table `auth_permission`
--

LOCK TABLES `auth_permission` WRITE;
/*!40000 ALTER TABLE `auth_permission` DISABLE KEYS */;
INSERT INTO `auth_permission` VALUES (1,'Can add user',1,'add_user'),(2,'Can change user',1,'change_user'),(3,'Can delete user',1,'delete_user'),(4,'Can view user',1,'view_user'),(5,'Can add section',2,'add_section'),(6,'Can change section',2,'change_section'),(7,'Can delete section',2,'delete_section'),(8,'Can view section',2,'view_section'),(9,'Can add semester',3,'add_semester'),(10,'Can change semester',3,'change_semester'),(11,'Can delete semester',3,'delete_semester'),(12,'Can view semester',3,'view_semester'),(13,'Can add subject',4,'add_subject'),(14,'Can change subject',4,'change_subject'),(15,'Can delete subject',4,'delete_subject'),(16,'Can view subject',4,'view_subject'),(17,'Can add device',5,'add_device'),(18,'Can change device',5,'change_device'),(19,'Can delete device',5,'delete_device'),(20,'Can view device',5,'view_device'),(21,'Can add student',6,'add_student'),(22,'Can change student',6,'change_student'),(23,'Can delete student',6,'delete_student'),(24,'Can view student',6,'view_student'),(25,'Can add teaching',7,'add_teaching'),(26,'Can change teaching',7,'change_teaching'),(27,'Can delete teaching',7,'delete_teaching'),(28,'Can view teaching',7,'view_teaching'),(29,'Can add time table slot',8,'add_timetableslot'),(30,'Can change time table slot',8,'change_timetableslot'),(31,'Can delete time table slot',8,'delete_timetableslot'),(32,'Can view time table slot',8,'view_timetableslot'),(33,'Can add attendence summary',9,'add_attendencesummary'),(34,'Can change attendence summary',9,'change_attendencesummary'),(35,'Can delete attendence summary',9,'delete_attendencesummary'),(36,'Can view attendence summary',9,'view_attendencesummary'),(37,'Can add attendence event',10,'add_attendenceevent'),(38,'Can change attendence event',10,'change_attendenceevent'),(39,'Can delete attendence event',10,'delete_attendenceevent'),(40,'Can view attendence event',10,'view_attendenceevent'),(41,'Can add log entry',11,'add_logentry'),(42,'Can change log entry',11,'change_logentry'),(43,'Can delete log entry',11,'delete_logentry'),(44,'Can view log entry',11,'view_logentry'),(45,'Can add permission',12,'add_permission'),(46,'Can change permission',12,'change_permission'),(47,'Can delete permission',12,'delete_permission'),(48,'Can view permission',12,'view_permission'),(49,'Can add group',13,'add_group'),(50,'Can change group',13,'change_group'),(51,'Can delete group',13,'delete_group'),(52,'Can view group',13,'view_group'),(53,'Can add content type',14,'add_contenttype'),(54,'Can change content type',14,'change_contenttype'),(55,'Can delete content type',14,'delete_contenttype'),(56,'Can view content type',14,'view_contenttype'),(57,'Can add session',15,'add_session'),(58,'Can change session',15,'change_session'),(59,'Can delete session',15,'delete_session'),(60,'Can view session',15,'view_session'),(61,'Can add activity',16,'add_activity'),(62,'Can change activity',16,'change_activity'),(63,'Can delete activity',16,'delete_activity'),(64,'Can view activity',16,'view_activity');
/*!40000 ALTER TABLE `auth_permission` ENABLE KEYS */;
UNLOCK TABLES;

--
-- Table structure for table `django_admin_log`
--

DROP TABLE IF EXISTS `django_admin_log`;
/*!40101 SET @saved_cs_client     = @@character_set_client */;
/*!50503 SET character_set_client = utf8mb4 */;
CREATE TABLE `django_admin_log` (
  `id` int NOT NULL AUTO_INCREMENT,
  `action_time` datetime(6) NOT NULL,
  `object_id` longtext COLLATE utf8mb4_unicode_ci,
  `object_repr` varchar(200) COLLATE utf8mb4_unicode_ci NOT NULL,
  `action_flag` smallint unsigned NOT NULL,
  `change_message` longtext COLLATE utf8mb4_unicode_ci NOT NULL,
  `content_type_id` int DEFAULT NULL,
  `user_id` bigint NOT NULL,
  PRIMARY KEY (`id`),
  KEY `django_admin_log_content_type_id_c4bce8eb_fk_django_co` (`content_type_id`),
  KEY `django_admin_log_user_id_c564eba6_fk_attendence_user_id` (`user_id`),
  CONSTRAINT `django_admin_log_content_type_id_c4bce8eb_fk_django_co` FOREIGN KEY (`content_type_id`) REFERENCES `django_content_type` (`id`),
  CONSTRAINT `django_admin_log_user_id_c564eba6_fk_attendence_user_id` FOREIGN KEY (`user_id`) REFERENCES `attendence_user` (`id`),
  CONSTRAINT `django_admin_log_chk_1` CHECK ((`action_flag` >= 0))
) ENGINE=InnoDB DEFAULT CHARSET=utf8mb4 COLLATE=utf8mb4_unicode_ci;
/*!40101 SET character_set_client = @saved_cs_client */;

--
-- Dumping data for table `django_admin_log`
--

LOCK TABLES `django_admin_log` WRITE;
/*!40000 ALTER TABLE `django_admin_log` DISABLE KEYS */;
/*!40000 ALTER TABLE `django_admin_log` ENABLE KEYS */;
UNLOCK TABLES;

--
-- Table structure for table `django_content_type`
--

DROP TABLE IF EXISTS `django_content_type`;
/*!40101 SET @saved_cs_client     = @@character_set_client */;
/*!50503 SET character_set_client = utf8mb4 */;
CREATE TABLE `django_content_type` (
  `id` int NOT NULL AUTO_INCREMENT,
  `app_label` varchar(100) COLLATE utf8mb4_unicode_ci NOT NULL,
  `model` varchar(100) COLLATE utf8mb4_unicode_ci NOT NULL,
  PRIMARY KEY (`id`),
  UNIQUE KEY `django_content_type_app_label_model_76bd3d3b_uniq` (`app_label`,`model`)
) ENGINE=InnoDB AUTO_INCREMENT=17 DEFAULT CHARSET=utf8mb4 COLLATE=utf8mb4_unicode_ci;
/*!40101 SET character_set_client = @saved_cs_client */;

--
-- Dumping data for table `django_content_type`
--

LOCK TABLES `django_content_type` WRITE;
/*!40000 ALTER TABLE `django_content_type` DISABLE KEYS */;
INSERT INTO `django_content_type` VALUES (11,'admin','logentry'),(16,'attendence','activity'),(10,'attendence','attendenceevent'),(9,'attendence','attendencesummary'),(5,'attendence','device'),(2,'attendence','section'),(3,'attendence','semester'),(6,'attendence','student'),(4,'attendence','subject'),(7,'attendence','teaching'),(8,'attendence','timetableslot'),(1,'attendence','user'),(13,'auth','group'),(12,'auth','permission'),(14,'contenttypes','contenttype'),(15,'sessions','session');
/*!40000 ALTER TABLE `django_content_type` ENABLE KEYS */;
UNLOCK TABLES;

--
-- Table structure for table `django_migrations`
--

DROP TABLE IF EXISTS `django_migrations`;
/*!40101 SET @saved_cs_client     = @@character_set_client */;
/*!50503 SET character_set_client = utf8mb4 */;
CREATE TABLE `django_migrations` (
  `id` bigint NOT NULL AUTO_INCREMENT,
  `app` varchar(255) COLLATE utf8mb4_unicode_ci NOT NULL,
  `name` varchar(255) COLLATE utf8mb4_unicode_ci NOT NULL,
  `applied` datetime(6) NOT NULL,
  PRIMARY KEY (`id`)
) ENGINE=InnoDB AUTO_INCREMENT=25 DEFAULT CHARSET=utf8mb4 COLLATE=utf8mb4_unicode_ci;
/*!40101 SET character_set_client = @saved_cs_client */;

--
-- Dumping data for table `django_migrations`
--

LOCK TABLES `django_migrations` WRITE;
/*!40000 ALTER TABLE `django_migrations` DISABLE KEYS */;
INSERT INTO `django_migrations` VALUES (1,'contenttypes','0001_initial','2025-09-24 18:46:13.575269'),(2,'attendence','0001_initial','2025-09-24 18:46:15.232392'),(3,'admin','0001_initial','2025-09-24 18:46:15.452130'),(4,'admin','0002_logentry_remove_auto_add','2025-09-24 18:46:15.461886'),(5,'admin','0003_logentry_add_action_flag_choices','2025-09-24 18:46:15.619293'),(6,'contenttypes','0002_remove_content_type_name','2025-09-24 18:46:15.766131'),(7,'auth','0001_initial','2025-09-24 18:46:16.191680'),(8,'auth','0002_alter_permission_name_max_length','2025-09-24 18:46:16.291118'),(9,'auth','0003_alter_user_email_max_length','2025-09-24 18:46:16.302401'),(10,'auth','0004_alter_user_username_opts','2025-09-24 18:46:16.313998'),(11,'auth','0005_alter_user_last_login_null','2025-09-24 18:46:16.329830'),(12,'auth','0006_require_contenttypes_0002','2025-09-24 18:46:16.334007'),(13,'auth','0007_alter_validators_add_error_messages','2025-09-24 18:46:16.343785'),(14,'auth','0008_alter_user_username_max_length','2025-09-24 18:46:16.353888'),(15,'auth','0009_alter_user_last_name_max_length','2025-09-24 18:46:16.363823'),(16,'auth','0010_alter_group_name_max_length','2025-09-24 18:46:16.420426'),(17,'auth','0011_update_proxy_permissions','2025-09-24 18:46:16.443128'),(18,'auth','0012_alter_user_first_name_max_length','2025-09-24 18:46:16.452789'),(19,'sessions','0001_initial','2025-09-24 18:46:16.507676'),(20,'attendence','0002_activity','2025-09-29 05:39:12.007179'),(21,'attendence','0003_activity_time','2025-09-29 05:39:47.154007'),(22,'attendence','0004_alter_attendencesummary_date','2025-10-01 08:02:37.905339'),(23,'attendence','0005_user_created_at','2025-10-15 13:38:15.769798'),(24,'attendence','0006_alter_user_created_at','2025-10-15 15:28:18.083324');
/*!40000 ALTER TABLE `django_migrations` ENABLE KEYS */;
UNLOCK TABLES;

--
-- Table structure for table `django_session`
--

DROP TABLE IF EXISTS `django_session`;
/*!40101 SET @saved_cs_client     = @@character_set_client */;
/*!50503 SET character_set_client = utf8mb4 */;
CREATE TABLE `django_session` (
  `session_key` varchar(40) COLLATE utf8mb4_unicode_ci NOT NULL,
  `session_data` longtext COLLATE utf8mb4_unicode_ci NOT NULL,
  `expire_date` datetime(6) NOT NULL,
  PRIMARY KEY (`session_key`),
  KEY `django_session_expire_date_a5c62663` (`expire_date`)
) ENGINE=InnoDB DEFAULT CHARSET=utf8mb4 COLLATE=utf8mb4_unicode_ci;
/*!40101 SET character_set_client = @saved_cs_client */;

--
-- Dumping data for table `django_session`
--

LOCK TABLES `django_session` WRITE;
/*!40000 ALTER TABLE `django_session` DISABLE KEYS */;
/*!40000 ALTER TABLE `django_session` ENABLE KEYS */;
UNLOCK TABLES;
/*!40103 SET TIME_ZONE=@OLD_TIME_ZONE */;

/*!40101 SET SQL_MODE=@OLD_SQL_MODE */;
/*!40014 SET FOREIGN_KEY_CHECKS=@OLD_FOREIGN_KEY_CHECKS */;
/*!40014 SET UNIQUE_CHECKS=@OLD_UNIQUE_CHECKS */;
/*!40101 SET CHARACTER_SET_CLIENT=@OLD_CHARACTER_SET_CLIENT */;
/*!40101 SET CHARACTER_SET_RESULTS=@OLD_CHARACTER_SET_RESULTS */;
/*!40101 SET COLLATION_CONNECTION=@OLD_COLLATION_CONNECTION */;
/*!40111 SET SQL_NOTES=@OLD_SQL_NOTES */;

-- Dump completed on 2025-11-02 16:28:52
